Data,Czas,Produkt,ISIN,Giełda referencyjna,Miejsce wykonania,Liczba,Kurs,,Wartość lokalna,,Wartość EUR,Kurs wymiany,Opłaty AutoFX,Opłata transakcyjna DEGIRO i/lub opłata stron,Razem EUR,Identyfikator zlecenia,
07-04-2025,09:42,BYD CO LTD,CNE100000296,TDG,XGAT,-20,"36,7800",EUR,"735,60",EUR,"735,60",,"0,00","-3,90","731,70",,4fae221f-e635-4144-baff-a268bf3b8bb6
19-03-2025,10:19,BYD CO LTD,CNE100000296,TDG,XGAT,19,"49,4900",EUR,"-940,31",EUR,"-940,31",,"0,00","-3,90","-944,21",,2aa0f1e7-4c28-4861-a0b1-629392d0a20a
12-08-2024,15:16,WORLDLINE SA,FR0011981968,TDG,XGAT,-32,"8,0000",EUR,"256,00",EUR,"256,00",,"0,00","-3,90","252,10",,c4527f11-1b5a-4158-868c-b40141b25424
07-02-2024,11:03,SUNRUN INC,US86771W1053,TDG,XGAT,-15,"14,0020",EUR,"210,03",EUR,"210,03",,"0,00","-3,90","206,13",,d4fa7a74-0164-4fcd-a1d8-ebe6cd6908f5
08-01-2024,19:34,SOLAREDGE TECHNOLOGIES INC,US83417M1045,TDG,XGAT,-5,"72,2000",EUR,"361,00",EUR,"361,00",,"0,00","-3,90","357,10",,8ac10c95-6a19-4885-bba0-b8c5115f77c4
20-12-2023,14:58,YARA INTERNATIONAL ASA,NO0010208051,OSL,MESI,-24,"364,6000",NOK,"8750,40",NOK,"775,62","11,2818","-1,94","-4,90","768,78",,7c4df2ab-50fd-4634-bd28-d7c1c4c46b6a
19-12-2023,17:31,CAMECO CORP,CA13321L1085,NSY,CDED,-89,"45,4250",USD,"4042,82",USD,"3683,02","1,0977","-9,21","-2,00","3671,81",,22fa766e-0f97-41c5-98b8-8eba69b19b2c
18-12-2023,08:00,SOLAREDGE TECHNOLOGIES INC,US83417M1045,TDG,XGAT,5,"88,2000",EUR,"-441,00",EUR,"-441,00",,"0,00","-3,90","-444,90",,d2f4f347-3e90-4fff-9414-0d2182bb5b0e
15-12-2023,09:33,SUNRUN INC,US86771W1053,TDG,XGAT,15,"16,3460",EUR,"-245,19",EUR,"-245,19",,"0,00","-3,90","-249,09",,ae05ccfd-fa5b-4812-907d-ebecf2fdd93c
15-12-2023,09:21,WORLDLINE SA,FR0011981968,TDG,XGAT,32,"15,5500",EUR,"-497,60",EUR,"-497,60",,"0,00","-3,90","-501,50",,a6a9d796-f650-4a9e-a967-3d60fd5f62d4
16-06-2023,14:08,ISHARES $ TREASURY BOND 20+YR UCITS ETF USD D,IE00BSKRJZ44,LSE,XLON,-469,"3,7860",USD,"1775,63",USD,"1619,52","1,0964","-4,05","-1,00","1614,47",,5d2629a9-a4bf-4d24-a6e7-d8d2a1d0c44c
16-06-2023,14:06,VANECK JUNIOR GOLD MINERS UCITS ETF USD A,IE00BQQP9G91,LSE,XLON,-63,"25,1000",GBP,"1581,30",GBP,"1850,78","0,8544","-4,63","-3,00","1843,16",,d2b990f6-f263-467b-aabc-a4cb087f2a21
30-03-2023,12:48,INTEL CORP,US4581401001,TDG,XGAT,40,"29,2850",EUR,"-1171,40",EUR,"-1171,40",,"0,00","-3,90","-1175,30",,211b9d51-84de-4d55-8b35-204e8e1c4ff1
23-02-2023,00:00,BYD CO LTD,CNE100000296,TDG,,1,"23,0002",EUR,"-23,00",EUR,"-23,00",,"0,00",,"-23,00",,
23-02-2023,00:00,ALIBABA HEALTH INFORMATION TECHNOLOGY LTD,BMG0171K1018,TDG,,1659,"1,2036",EUR,"-1996,77",EUR,"-1996,77",,"0,00",,"-1996,77",
23-02-2023,00:00,BYD CO. LTD H        YC 1,CNE100000296,FRA,,-1,"23,0002",EUR,"23,00",EUR,"23,00",,"0,00",,"23,00",
23-02-2023,00:00,ALIBABA HLTH INFO.T.HD-01,BMG0171K1018,FRA,,-1659,"1,2036",EUR,"1996,77",EUR,"1996,77",,"0,00",,"1996,77",
15-02-2023,15:30,MICROSOFT CORP,US5949181045,NDQ,XNAS,6,"268,2900",USD,"-1609,74",USD,"-1507,82","1,0676","-3,77","-1,00","-1512,59",205043db-a5c7-4005-bf62-f25316b50501
24-08-2022,15:30,PETROCHINA COMPANY LIM,US71646E1001,NSY,XNYS,-24,"45,4100",USD,"1089,84",USD,"1098,41","0,9922","-2,75","-0,50","1095,17",de74ad83-50ef-4a37-96d7-426459b7f610
28-02-2022,12:01,GAZPROM PAO,US3682872078,XET,XETB,-85,"3,2000",EUR,"272,00",EUR,"272,00",,"0,00",,"272,00",fff87b7b-8650-4f47-821d-da2a55947bd5
28-02-2022,12:01,GAZPROM PAO,US3682872078,XET,XETB,-165,"3,2000",EUR,"528,00",EUR,"528,00",,"0,00","-4,40","523,60",fff87b7b-8650-4f47-821d-da2a55947bd5
25-02-2022,09:49,KAZATOMPROM  GDR REGS 1/1,US63253R2013,FRA,FRAB,35,"28,2000",EUR,"-987,00",EUR,"-987,00",,"0,00","-4,40","-991,40",2558b968-b1b6-4b52-b206-4630d514abee
24-02-2022,10:16,GAZPROM PAO,US3682872078,XET,XETB,-65,"4,1060",EUR,"266,89",EUR,"266,89",,"0,00",,"266,89",212b8c89-3b0b-4047-9361-fd4f14bc90f0
24-02-2022,10:16,GAZPROM PAO,US3682872078,XET,XETB,-185,"4,1080",EUR,"759,98",EUR,"759,98",,"0,00","-4,40","755,58",212b8c89-3b0b-4047-9361-fd4f14bc90f0
13-01-2022,13:53,ALIBABA HLTH INFO.T.HD-01,BMG0171K1018,FRA,FRAB,1282,"0,7782",EUR,"-997,65",EUR,"-997,65",,"0,00","-4,40","-1002,05",5a97c66b-8d32-4df7-8fe5-5e202bca8a7e
07-01-2022,15:30,CAMECO CORP,CA13321L1085,NSY,XNYS,35,"22,9400",USD,"-802,90",USD,"-709,09","1,1323","-1,77","-0,50","-711,36",20e8f0a2-4eb0-45ea-bdf3-7858814912a1
16-12-2021,17:18,ADR ON SIBANYE STILLWATER LTD,US82575P1075,NSY,BATS,-50,"12,2000",USD,"610,00",USD,"539,58","1,1305","-0,54",,"539,05",facda0c1-533c-48cd-a917-9284dc11e960
16-12-2021,16:43,ADR ON SIBANYE STILLWATER LTD,US82575P1075,NSY,CDED,-92,"12,1700",USD,"1119,64",USD,"990,66","1,1302","-0,99",,"989,67",f7a7713b-3799-4875-bd6e-37a28daa875a
16-12-2021,16:26,ADR ON SIBANYE STILLWATER LTD,US82575P1075,NSY,CDED,226,"12,1300",USD,"-2741,38",USD,"-2422,79","1,1315","-2,42",,"-2425,21",566aa76e-1960-49f8-b91c-8ddffa057fcd
16-12-2021,16:05,PETROCHINA COMPANY LIM,US71646E1001,NSY,SOHO,24,"45,3200",USD,"-1087,68",USD,"-959,75","1,1333","-0,96",,"-960,71",615f2e1b-681b-4813-b40e-f6e20d989579
16-12-2021,16:03,GLAXOSMITHKLINE PLC CO,US37733W1053,NSY,SOHO,-61,"43,4603",USD,"2651,08",USD,"2338,84","1,1335","-2,34",,"2336,51",68ad9f68-0a23-4f6a-8e18-dfd050045ef0
09-11-2021,17:16,ISHARES $ TREASURY BOND 20+YR UCITS ETF USD D,IE00BSKRJZ44,LSE,XLON,208,"5,6600",USD,"-1177,28",USD,"-1017,09","1,1575","-1,02",,"-1018,11",a8ea2d39-71af-4818-a8a6-8356bc634324
27-10-2021,21:14,CAMECO CORP,CA13321L1085,NSY,CDED,54,"25,6000",USD,"-1382,40",USD,"-1191,31","1,1604","-1,19","-0,69","-1193,20",d9974c3a-c249-4f73-b695-6d547443154e
22-10-2021,16:47,ADR ON RIO TINTO PLC,US7672041008,NSY,SOHO,26,"65,7700",USD,"-1710,02",USD,"-1468,96","1,1641","-1,47","-0,59","-1471,02",ff0360c8-274c-4f24-affe-8214ef6f8eea
22-10-2021,16:37,GAZPROM PAO,US3682872078,XET,XETB,-290,"8,7550",EUR,"2538,95",EUR,"2538,95",,"0,00","-5,27","2533,68",0beb6da3-e667-465b-9ec1-827048f73a52
22-09-2021,13:01,GAZPROM PAO,US3682872078,XET,XETB,290,"7,9400",EUR,"-2302,60",EUR,"-2302,60",,"0,00","-5,15","-2307,75",06394f8f-2141-40d4-879b-e7635e0d2a01
21-09-2021,09:04,GAZPROM PAO,US3682872078,XET,XETB,-300,"7,6250",EUR,"2287,50",EUR,"2287,50",,"0,00","-5,14","2282,36",6dd6c76c-b00f-4d3a-9797-c4ae8c4a50e1
21-09-2021,09:00,ISHARES $ TREASURY BOND 20+YR UCITS ETF USD D,IE00BSKRJZ44,LSE,XLON,260,"5,6140",USD,"-1459,64",USD,"-1244,47","1,1729","-1,24",,"-1245,72",03417fb5-fc29-43c8-90bf-886af573ed4a
17-09-2021,09:00,YARA INTERNATIONAL ASA,NO0010208051,OSL,XOSL,24,"417,2000",NOK,"-10012,80",NOK,"-986,76","10,1472","-0,99","-4,49","-992,23",29479e48-ec29-4111-adb9-94c296dce60c
23-08-2021,21:47,INDUSTRIAL LOGISTICS PROPERTIES TRUST,US4562371066,NDQ,CDED,21,"27,2900",USD,"-573,09",USD,"-487,90","1,1746","-0,49","-0,57","-488,96",04bb9967-88d5-44a4-a022-83048df6c117
19-08-2021,09:05,KRANESHARES CSI CHINA INTERNET UCITS ETF USD,IE00BFXR7892,LSE,XLON,1,"27,7600",USD,"-27,76",USD,"-23,77","1,1679","-0,02","-0,01","-23,80",03b6f8b5-2ded-4f5e-8bcd-1cb2fffef5b7
19-08-2021,09:05,KRANESHARES CSI CHINA INTERNET UCITS ETF USD,IE00BFXR7892,LSE,XLON,40,"27,7600",USD,"-1110,40",USD,"-950,77","1,1679","-0,95","-2,29","-954,01",03b6f8b5-2ded-4f5e-8bcd-1cb2fffef5b7
07-05-2021,17:24,VANECK JUNIOR GOLD MINERS UCITS ETF USD A,IE00BQQP9G91,LSE,XLON,33,"31,2600",GBP,"-1031,58",GBP,"-1187,64","0,8686","-1,19","-2,36","-1191,18",081dcb9e-e87c-4ba6-a8c3-d3ca67c5a832
06-05-2021,17:30,ADR ON SIBANYE STILLWATER LTD,US82575P1075,NSY,CDED,63,"19,0000",USD,"-1197,00",USD,"-993,11","1,2053","-0,99","-0,71","-994,82",a0302833-b8cb-4a10-ae8b-aa7a254e3681
08-04-2021,16:08,ENERGY FUELS INC,CA2926717083,ASE,XNAS,177,"6,7400",USD,"-1192,98",USD,"-1002,34","1,1902","-1,00","-1,10","-1004,44",ac5a3bc4-f414-46db-abdf-fa6fb96fb051
08-04-2021,16:00,GAZPROM PAO,US3682872078,XET,XETB,-200,"4,8700",EUR,"974,00",EUR,"974,00",,"0,00","-4,49","969,51",301f4ab2-3965-4aaf-8a44-b504df3d72cc
23-03-2021,14:30,GLAXOSMITHKLINE PLC CO,US37733W1053,NSY,XNYS,48,"36,2500",USD,"-1740,00",USD,"-1465,26","1,1875","-1,47","-0,66","-1467,39",ca967a0e-c9c8-46ce-8911-c693bd11361e
23-03-2021,10:57,UBS MSCI SINGAPORE UCITS ETF SGD DIS,LU1169825954,SWX,XSWX,50,"17,8800",USD,"-894,00",USD,"-751,58","1,1895","-0,75","-2,23","-754,56",0d044399-d67a-4268-8ab8-e4aca2dcf4a9
08-03-2021,17:05,GLAXOSMITHKLINE PLC CO,US37733W1053,NSY,CDED,13,"34,9800",USD,"-454,74",USD,"-383,49","1,1858","-0,38","-0,54","-384,41",46e53192-d0bd-4d91-a87a-2af35a60cb6f
08-03-2021,17:01,ISHARES MSCI CHINA UCITS ETF USD ACC,IE00BJ5JPG56,EAM,XAMS,-10,"7,4349",USD,"74,35",USD,"62,72","1,1855","-0,06","-2,02","60,63",08afe339-809f-4b49-bf71-a5d983ca233b
08-03-2021,17:01,KAZATOMPROM  GDR REGS 1/1,US63253R2013,FRA,FRAB,-1,"20,2000",EUR,"20,20",EUR,"20,20",,"0,00","-7,52","12,68",0b36dbda-cdf8-4fd9-99fb-cac8f57f5d30
05-03-2021,19:55,ALIBABA HLTH INFO.T.HD-01,BMG0171K1018,FRA,FRAB,377,"2,6500",EUR,"-999,05",EUR,"-999,05",,"0,00","-8,40","-1007,45",a22e8e4e-e6bf-46b5-9ee4-602760553457
05-03-2021,10:36,ISHARES $ TREASURY BOND 20+YR UCITS ETF USD D,IE00BSKRJZ44,LSE,XLON,-240,"5,1800",USD,"1243,20",USD,"1042,52","1,1925","-1,04","-2,31","1039,16",971cacf0-d993-4dae-ba93-fac7ad418df6
04-03-2021,11:00,ISHARES $ TREASURY BOND 20+YR UCITS ETF USD D,IE00BSKRJZ44,LSE,XLON,167,"5,2270",USD,"-872,91",USD,"-725,43","1,2033","-0,73","-0,22","-726,38",42110ae4-ef1f-4ca3-a216-b7c9b597277d
04-03-2021,11:00,ISHARES $ TREASURY BOND 20+YR UCITS ETF USD D,IE00BSKRJZ44,LSE,CHIX,73,"5,2260",USD,"-381,50",USD,"-317,04","1,2033","-0,32","-2,10","-319,46",42110ae4-ef1f-4ca3-a216-b7c9b597277d
03-03-2021,14:09,VANECK JUNIOR GOLD MINERS UCITS ETF USD A,IE00BQQP9G91,LSE,XLON,30,"28,0000",GBP,"-840,00",GBP,"-972,45","0,8638","-0,97","-2,29","-975,71",713721ca-e547-4a6f-ae4a-1bcac95ad803
03-03-2021,12:55,KAZATOMPROM  GDR REGS 1/1,US63253R2013,FRA,FRAB,-49,"19,4000",EUR,"950,60",EUR,"950,60",,"0,00","-8,36","942,24",2cf77505-65e7-4614-9fc0-5545b1f46ae6
26-02-2021,09:18,BYD CO. LTD H        YC 1,CNE100000296,FRA,FRAB,-70,"20,6100",EUR,"1442,70",EUR,"1442,70",,"0,00","-8,80","1433,90",356acf5d-9b94-4325-ad35-dda679ec265e
24-02-2021,09:52,BYD CO. LTD H        YC 1,CNE100000296,FRA,FRAB,70,"22,9900",EUR,"-1609,30",EUR,"-1609,30",,"0,00","-8,95","-1618,25",8b2261ea-bd7e-4370-936d-a265d9e61724
23-02-2021,10:24,BYD CO. LTD H        YC 1,CNE100000296,FRA,FRAB,-70,"22,5200",EUR,"1576,40",EUR,"1576,40",,"0,00","-8,92","1567,48",6219ab4d-0e4d-43a1-8c6d-f15f1d8ccf2e
23-02-2021,08:41,BYD CO. LTD H        YC 1,CNE100000296,FRA,FRAB,69,"23,6000",EUR,"-1628,40",EUR,"-1628,40",,"0,00","-8,97","-1637,37",7c781bdf-c4e6-409b-b6a9-0ba5bfdb1cc7
23-02-2021,08:22,BYD CO. LTD H        YC 1,CNE100000296,FRA,FRAB,-70,"23,4000",EUR,"1638,00",EUR,"1638,00",,"0,00","-8,97","1629,03",6c68681f-bca4-4098-a22e-cf87e899c9e7
18-02-2021,16:14,KAZATOMPROM  GDR REGS 1/1,US63253R2013,FRA,FRAB,50,"17,5000",EUR,"-875,00",EUR,"-875,00",,"0,00","-8,29","-883,29",5264fc30-10e8-4bab-b738-ba4c2d590012
15-02-2021,09:55,ISHARES MSCI CHINA UCITS ETF USD ACC,IE00BJ5JPG56,EAM,XAMS,10,"8,7890",USD,"-87,89",USD,"-72,41","1,2137","-0,07","-2,02","-74,51",3fb87af7-01f3-4f2b-a211-403a50a8a638
02-02-2021,08:53,BYD CO. LTD H        YC 1,CNE100000296,FRA,FRAB,71,"27,7900",EUR,"-1973,09",EUR,"-1973,09",,"0,00","-9,28","-1982,37",98cf5f5f-8836-4c66-95be-50dec6a7c97d
01-02-2021,16:19,VANECK JUNIOR GOLD MINERS UCITS ETF USD A,IE00BQQP9G91,LSE,XLON,-10,"33,0900",GBP,"330,90",GBP,"374,32","0,8840","-0,37","-2,11","371,84",6c7c1b25-b502-419f-8cb6-9f1c08dcb405
01-02-2021,16:07,PAN AMERICAN SILVER CO,CA6979001089,NDQ,BATS,-66,"37,0000",USD,"2442,00",USD,"2019,35","1,2093","-2,02","-0,22","2017,11",9f13b2d9-8bee-4956-a85c-5153e167bedf
01-02-2021,16:07,PAN AMERICAN SILVER CO,CA6979001089,NDQ,BATS,-19,"37,0000",USD,"703,00",USD,"581,33","1,2093","-0,58","-0,56","580,19",9f13b2d9-8bee-4956-a85c-5153e167bedf
01-02-2021,15:50,PAN AMERICAN SILVER CO,CA6979001089,NDQ,CDED,28,"37,8750",USD,"-1060,50",USD,"-877,17","1,2090","-0,88","-0,59","-878,64",841a61f1-58ac-44a0-9151-327cb51e1b13
01-02-2021,15:30,ISHARES $ TREASURY BOND 20+YR UCITS ETF USD D,IE00BSKRJZ44,LSE,XLON,-194,"5,6530",USD,"1096,68",USD,"906,42","1,2099","-0,91","-2,27","903,25",64d78c85-9a1f-4bba-aae9-a61100dde405
29-01-2021,19:08,PAN AMERICAN SILVER CO,CA6979001089,NDQ,XNAS,57,"32,6500",USD,"-1861,05",USD,"-1534,13","1,2131","-1,53","-0,69","-1536,35",5263db53-977f-4593-aff9-1eca60103e52
29-01-2021,17:25,VANECK JUNIOR GOLD MINERS UCITS ETF USD A,IE00BQQP9G91,LSE,XLON,10,"31,8700",GBP,"-318,70",GBP,"-360,07","0,8851","-0,36","-2,11","-362,54",e499cb94-0806-4585-8ae6-e972c5e711ef
29-01-2021,16:46,BYD CO. LTD H        YC 1,CNE100000296,FRA,FRAB,-74,"25,5500",EUR,"1890,70",EUR,"1890,70",,"0,00","-9,20","1881,50",a4b3cf8f-508b-4a73-9087-297a39cefc0f
28-01-2021,11:16,BYD CO. LTD H        YC 1,CNE100000296,FRA,FRAB,74,"24,8200",EUR,"-1836,68",EUR,"-1836,68",,"0,00","-9,15","-1845,83",c4b26dab-c52e-4be2-a170-09e0022f26c1
28-01-2021,10:40,BYD CO. LTD H        YC 1,CNE100000296,FRA,FRAB,-74,"24,1500",EUR,"1787,10",EUR,"1787,10",,"0,00","-9,11","1777,99",f4ea772b-2c26-4495-ae45-2040933397a6
05-11-2020,11:03,BYD CO. LTD H        YC 1,CNE100000296,FRA,FRAB,23,"21,5000",EUR,"-494,50",EUR,"-494,50",,"0,00","-7,95","-502,45",0e53d8f4-7233-4460-8618-e59d2239419b
03-11-2020,14:28,BYD CO. LTD H        YC 1,CNE100000296,FRA,FRAB,52,"19,0400",EUR,"-990,08",EUR,"-990,08",,"0,00","-8,39","-998,47",87dba295-a9fd-4d1f-ac64-5f54ae53f0be
30-10-2020,09:00,ISHARES $ TREASURY BOND 20+YR UCITS ETF USD D,IE00BSKRJZ44,LSE,XLON,195,"5,9700",USD,"-1164,15",USD,"-996,88","1,1678","-1,00","-2,30","-1000,17",263835e8-f20d-47b2-9e98-101d8b61444a
23-10-2020,11:42,GAZPROM PAO,US3682872078,XET,XETB,750,"3,6130",EUR,"-2709,75",EUR,"-2709,75",,"0,00","-5,35","-2715,10",94767499-a3e6-4674-9312-10951695e1e1
22-09-2020,09:32,GAZPROM PAO,US3682872078,XET,XETB,250,"3,9360",EUR,"-984,00",EUR,"-984,00",,"0,00","-4,49","-988,49",53d18b38-b5cc-4250-b262-0782993f73fa
15-09-2020,11:25,ISHARES EM DIVIDEND UCITS ETF USD (DIST),IE00B652H904,XET,XETA,204,"14,7600",EUR,"-3011,04",EUR,"-3011,04",,"0,00","-2,90","-3013,94",240ecf9a-e5f4-41b1-a7f2-8a911602e2e2
15-09-2020,11:00,GAZPROM PAO,US3682872078,XET,XETB,500,"4,0000",EUR,"-2000,00",EUR,"-2000,00",,"0,00","-5,00","-2005,00",092bdcfe-510c-466a-b0d2-a366cbe5f2f3
